mut	name	num	input_count	count_noAb_rep1	count_noAb_rep2	count_2G12_rep1	count_2G12_rep2	fit_noAb_rep1	fit_noAb_rep2	fit_2G12_rep1	fit_2G12_rep2	fit_noAb	fit_2G12
NNKETTIN	K145N-I192T-A196T-V226I	4	573	1768	2327	95	426	29.4556754221	30.0851838369	7.55654101996	8.80284552846	29.7704296295	8.17969327421
NNKETTIK	K145N-I192T-A196T-V226I-N246K	5	533	169	199	1352	2434	3.04271103428	2.77824361339	114.47752809	53.959113608	2.91047732384	84.2183208489
NNKETTVN	K145N-I192T-A196T	3	530	3786	7333	181	1054	68.1638055918	102.453776316	15.4860469098	23.5106716886	85.308790954	19.4983592992
NNKETTVK	K145N-I192T-A196T-N246K	4	391	313	238	4627	5672	7.65590659341	4.52265458422	533.422077922	171.25127551	6.08928058881	352.336676716
NNKETAIN	K145N-I192T-V226I	3	573	2131	2222	123	277	35.5	28.7282489989	9.76053215078	5.73112659698	32.1141244995	7.74582937388
NNKETAIK	K145N-I192T-V226I-N246K	4	361	215	131	3243	1875	5.70293242669	2.70487342294	404.889000502	61.3241252302	4.20390292481	233.106562866
NNKETAVN	K145N-I192T	2	449	3454	3295	176	559	73.3818376068	54.3320729685	17.7715151515	14.7259259259	63.8569552877	16.2487205387
NNKETAVK	K145N-I192T-N246K	3	321	346	267	4794	7717	10.2997491639	6.17391304348	672.816205534	283.632505176	8.23683110368	478.224355355
NNKEITIN	K145N-A196T-V226I	3	913	2871	2713	515	772	30.0324861134	22.0264868219	25.5074597175	10.007840992	26.0294864677	17.7576503548
NNKEITIK	K145N-A196T-V226I-N246K	4	748	127	157	836	2423	1.63335729691	1.56479285814	50.4902293968	38.2963951936	1.59907507752	44.3933122952
NNKEITVN	K145N-A196T	2	733	5139	8571	905	2835	66.9298889122	86.6298751474	55.7693832054	45.7211625795	76.7798820298	50.7452728924
NNKEITVK	K145N-A196T-N246K	3	514	147	333	1057	5698	2.74667662435	4.81083900884	92.8201235658	130.94789644	3.77875781659	111.884010003
NNKEIAIN	K145N-V226I	2	761	1818	2999	307	576	22.8155410862	29.2043718416	18.2624671916	8.9604111986	26.0099564639	13.6114391951
NNKEIAIK	K145N-V226I-N246K	3	647	85	90	172	660	1.26845916429	1.04171273263	12.0624298541	12.0707304527	1.15508594846	12.0665801534
NNKEIAVN	K145N	1	567	4509	3018	224	606	75.8894230769	39.427238806	17.8977272727	12.6458333333	57.6583309414	15.271780303
NNKEIAVK	K145N-N246K	2	468	170	141	248	1676	3.48478760046	2.24593450657	23.9877883311	42.3123667377	2.86536105352	33.1500775344
NNKDTTIN	K145N-E172D-I192T-A196T-V226I	5	583	1210	1654	92	363	19.8191188093	21.0216469025	7.1950498132	7.37557077626	20.4203828559	7.28531029473
NNKDTTIK	K145N-E172D-I192T-A196T-V226I-N246K	6	529	114	104	592	1427	2.07383889695	1.4695860321	50.5524871355	31.8830188679	1.77171246453	41.2177530017
NNKDTTVN	K145N-E172D-I192T-A196T	4	446	4016	4158	387	622	85.8909395973	69.0180974323	39.2182224934	16.4925428784	77.4545185148	27.8553826859
NNKDTTVK	K145N-E172D-I192T-A196T-N246K	5	405	299	206	2787	4681	7.06233421751	3.78203808543	310.263322884	136.462233169	5.42218615147	223.362778027
NNKDTAIN	K145N-E172D-I192T-V226I	4	465	3044	1923	111	740	62.4531611093	30.6267375569	10.8591494343	18.8165236052	46.5399493331	14.8378365197
NNKDTAIK	K145N-E172D-I192T-V226I-N246K	5	416	79	154	480	3142	1.83361003505	2.75725688106	52.1161979507	89.1898481215	2.29543345806	70.6530230361
NNKDTAVN	K145N-E172D-I192T	3	417	3399	5817	119	1137	77.7419948473	103.247375562	12.9708568943	32.216108453	90.4946852048	22.5934826736
NNKDTAVK	K145N-E172D-I192T-N246K	4	298	331	341	4633	10096	10.6125546694	8.4847002446	700.242626938	399.602564103	9.548627457	549.92259552
NNKDITIN	K145N-E172D-A196T-V226I	4	973	1979	1740	283	620	19.4293950403	13.2593245273	13.1741646444	7.54466119097	16.3443597838	10.3594129177
NNKDITIK	K145N-E172D-A196T-V226I-N246K	5	681	102	149	482	2208	1.44346379427	1.63150523045	31.9982671288	38.3282013685	1.53748451236	35.1632342486
NNKDITVN	K145N-E172D-A196T	3	750	2740	5245	275	2025	34.8836679299	51.8167219826	16.6047693984	31.9232134931	43.3501949563	24.2639914457
NNKDITVK	K145N-E172D-A196T-N246K	4	599	303	260	3883	4931	4.84256410256	3.22679104478	292.476969697	97.27	4.03467757367	194.873484848
NNKDIAIN	K145N-E172D-V226I	3	699	4775	2968	469	477	65.2107692308	31.4625373134	30.3363636364	8.08047619048	48.3366532721	19.2084199134
NNKDIAIK	K145N-E172D-V226I-N246K	4	543	113	71	250	293	2.00289875566	0.981782265145	20.8467580214	6.39522058824	1.4923405104	13.6209893048
NNKDIAVN	K145N-E172D	2	539	4634	4370	335	718	82.0368589744	60.0438640133	28.1131313131	15.7558641975	71.0403614938	21.9344977553
NNKDIAVK	K145N-E172D-N246K	3	463	154	184	610	2463	3.19276359416	2.95757205353	59.4958855799	62.8390804598	3.07516782384	61.1674830199
NNRETTIN	K145N-K160R-I192T-A196T-V226I	5	411	2122	1674	27	68	49.2499533234	30.1577669903	3.07060900265	1.9817961165	39.7038601568	2.52620255958
NNRETTIK	K145N-K160R-I192T-A196T-V226I-N246K	6	352	48	59	117	673	1.32670516452	1.26083463701	15.103270667	22.5939565628	1.29376990077	18.8486136149
NNRETTVN	K145N-K160R-I192T-A196T	4	341	2789	1387	18	62	77.9706477733	30.1054377237	2.5101010101	2.1798245614	54.0380427485	2.34496278575
NNRETTVK	K145N-K160R-I192T-A196T-N246K	5	265	123	71	587	1116	4.45546558704	2.00785545954	99.8755980861	49.6911027569	3.23166052329	74.7833504215
NNRETAIN	K145N-K160R-I192T-V226I	4	328	1606	2375	31	66	46.6845335516	53.5712924738	4.39458413926	2.40982776089	50.1279130127	3.40220595008
NNRETAIK	K145N-K160R-I192T-V226I-N246K	5	288	76	74	926	813	2.54651317541	1.92506326499	144.925762818	33.3298731257	2.2357882202	89.1278179721
NNRETAVN	K145N-K160R-I192T	3	290	1741	1116	14	84	57.2147766323	28.4735600349	2.32895970009	3.45647193585	42.8441683336	2.89271581797
NNRETAVK	K145N-K160R-I192T-N246K	4	241	133	72	1359	1385	5.29227590591	2.23763414333	253.914350113	67.7727272727	3.76495502462	160.843538693
NNREITIN	K145N-K160R-A196T-V226I	4	537	2041	1526	69	145	36.2765942236	21.054180769	5.87867522812	3.21127633209	28.6653874963	4.54497578011
NNREITIK	K145N-K160R-A196T-V226I-N246K	5	565	55	45	180	460	0.945637401468	0.602869046991	14.4486026341	9.63810365135	0.774253224229	12.0433531427
NNREITVN	K145N-K160R-A196T	3	495	4237	3884	98	142	81.6643145161	58.1019800193	9.01814516129	3.41162634409	69.8831472677	6.21488575269
NNREITVK	K145N-K160R-A196T-N246K	4	376	114	99	1264	1299	2.91547643338	1.96761550338	151.604774536	40.8045977011	2.44154596838	96.2046861185
NNREIAIN	K145N-K160R-V226I	3	472	1167	800	38	122	23.6012359733	12.5618314348	3.72535075918	3.07716701903	18.0815337041	3.4012588891
NNREIAIK	K145N-K160R-V226I-N246K	4	355	35	24	8	37	0.96650821089	0.520920677511	1.14223697651	1.26310861423	0.743714444201	1.20267279537
NNREIAVN	K145N-K160R	2	364	4614	1437	93	84	120.845890411	29.2245348599	11.6358655044	2.75570776256	75.0352126355	7.19578663346
NNREIAVK	K145N-K160R-N246K	3	376	50	34	7	49	1.29295041828	0.688665426185	0.958765372558	1.56940760389	0.990807922233	1.26408648822
NNRDTTIN	K145N-K160R-E172D-I192T-A196T-V226I	6	476	1271	535	14	44	25.4871794872	8.33542976939	1.42081189251	1.11635220126	16.9113046283	1.26858204688
NNRDTTIK	K145N-K160R-E172D-I192T-A196T-V226I-N246K	7	365	24	46	99	384	0.652847835225	0.952573199576	12.3447590661	12.4476320583	0.8027105174	12.3961955622
NNRDTTVN	K145N-K160R-E172D-I192T-A196T	5	342	1727	1205	30	61	48.1507064364	26.0816326531	4.08348794063	2.13896987366	37.1161695447	3.11122890715
NNRDTTVK	K145N-K160R-E172D-I192T-A196T-N246K	6	271	52	164	722	3273	1.86234445701	4.49983538191	120.097259358	142.43504902	3.18108991946	131.266154189
NNRDTAIN	K145N-K160R-E172D-I192T-V226I	5	300	1430	988	16	60	45.4387298748	24.3731343284	2.55179704017	2.39811738649	34.9059321016	2.47495721333
NNRDTAIK	K145N-K160R-E172D-I192T-V226I-N246K	6	288	48	97	222	1163	1.62050838435	2.51541599959	34.8634790815	47.660899654	2.06796219197	41.2621893677
NNRDTAVN	K145N-K160R-E172D-I192T	4	270	4754	830	43	57	167.700468351	22.7464338822	7.33579335793	2.53259532595	95.2234511165	4.93419434194
NNRDTAVK	K145N-K160R-E172D-I192T-N246K	5	220	125	110	787	2062	5.44918203968	3.7257378267	161.100781571	110.462292609	4.58745993319	135.78153709
NNRDITIN	K145N-K160R-E172D-A196T-V226I	5	649	1087	981	18	99	15.9981065089	11.2067508611	1.3206993007	1.82051282051	13.602428685	1.57060606061
NNRDITIK	K145N-K160R-E172D-A196T-V226I-N246K	6	514	60	61	119	282	1.13207617625	0.893029995653	10.5278022948	6.50258899676	1.01255308595	8.51519564578
NNRDITVN	K145N-K160R-E172D-A196T	4	493	4627	2675	52	158	89.54048583	40.1828509275	4.84744203165	3.80870445344	64.8616683788	4.32807324255
NNRDITVK	K145N-K160R-E172D-A196T-N246K	5	377	98	140	577	1739	2.50320512821	2.76699834163	69.0875420875	54.4708994709	2.63510173492	61.7792207792
NNRDIAIN	K145N-K160R-E172D-V226I	4	544	2052	1302	57	63	36.0035638673	17.7349308503	4.80834028357	1.38960244648	26.8692473588	3.09897136503
NNRDIAIK	K145N-K160R-E172D-V226I-N246K	5	483	22	42	0	65	0.454187857597	0.659029233995	0.093350864012	1.61363636364	0.556608545796	0.853493613824
NNRDIAVN	K145N-K160R-E172D	3	439	2889	2654	27	69	62.7766608392	44.7603459973	2.87520661157	1.88257575758	53.7685034182	2.37889118457
NNRDIAVK	K145N-K160R-E172D-N246K	4	351	48	36	12	121	1.33047421329	0.779723541384	1.66864669421	4.10132575758	1.05509887734	2.8849862259
NKKETTIN	I192T-A196T-V226I	3	488	24	31	8	13	0.488634576058	0.485425632573	0.8315672058	0.3387866394	0.487030104316	0.5851769226
NKKETTIK	I192T-A196T-V226I-N246K	4	385	1	9	22	16	0.0495217218015	0.192173845797	2.69218087612	0.52115716753	0.120847783799	1.60666902182
NKKETTVN	I192T-A196T	2	363	27	142	31	81	0.735207100592	2.91417910448	3.97202797203	2.66575091575	1.82469310253	3.31888944389
NKKETTVK	I192T-A196T-N246K	3	279	4	3	8	27	0.170673076923	0.105970149254	1.45227272727	1.18333333333	0.138321613088	1.3178030303
NKKETAIN	I192T-V226I	2	411	41	50	5	42	0.974327856609	0.918236487466	0.657987643425	1.23503236246	0.946282172037	0.946510002942
NKKETAIK	I192T-V226I-N246K	3	319	2	6	3	17	0.0896033653846	0.162266791045	0.564772727273	0.665625	0.125935078215	0.615198863636
NKKETAVN	I192T	1	271	88	155	29	53	3.1273331448	4.25438981563	4.98328877005	2.34926470588	3.69086148021	3.66627673797
NKKETAVK	I192T-N246K	2	254	7	6	4	81	0.299849170437	0.203628914252	0.885918003565	3.80522875817	0.251739042345	2.34557338087
NKKEITIN	A196T-V226I	2	686	38	57	20	155	0.542576419214	0.626257359491	1.38110361254	2.68704512373	0.584416889352	2.03407436814
NKKEITIK	A196T-V226I-N246K	3	544	3	6	6	12	0.0701482004234	0.0952759140079	0.580316930776	0.282262996942	0.0827120572157	0.431289963859
NKKEITVN	A196T	1	501	65	82	36	62	1.2565890285	1.22646726527	3.33013400942	1.48505976096	1.24152814688	2.40759688519
NKKEITVK	A196T-N246K	2	431	1	6	3	23	0.0442485754986	0.120197622996	0.41835016835	0.657407407407	0.0822230992474	0.537878787879
NKKEIAIN	V226I	1	587	16	48	5	18	0.276327838828	0.61815920398	0.461038961039	0.382369614512	0.447243521404	0.421704287776
NKKEIAIK	V226I-N246K	2	558	5	3	13	8	0.102587037292	0.0530798600913	1.13156610831	0.190518783542	0.0778334486916	0.661042445926
NKKEIAVN	WT	0	496	51	66	10	41	1.0	1.0	1.0	1.0	1.0	1.0
NKKEIAVK	N246K	1	423	1	12	0	25	0.0450834542816	0.22743593354	0.106560891938	0.725628930818	0.136259693911	0.416094911378
NKKDTTIN	E172D-I192T-A196T-V226I	4	552	28	27	13	13	0.501217137293	0.375590402418	1.14384349827	0.299578059072	0.438403769856	0.721710778673
NKKDTTIK	E172D-I192T-A196T-V226I-N246K	5	446	3	12	1	10	0.0855274479436	0.21573341347	0.202155786048	0.29120059657	0.150630430707	0.246678191309
NKKDTTVN	E172D-I192T-A196T	3	301	47	61	10	57	1.51910341314	1.52288227735	1.64569536424	2.27262693157	1.52099284525	1.9591611479
NKKDTTVK	E172D-I192T-A196T-N246K	4	261	6	0	6	28	0.255358191427	0.0283126352968	1.20714781402	1.30979643766	0.141835413362	1.25847212584
NKKDTAIN	E172D-I192T-V226I	3	442	27	27	30	27	0.604097933669	0.468852127624	3.16170736712	0.747930775019	0.536475030646	1.95481907107
NKKDTAIK	E172D-I192T-V226I-N246K	4	400	5	8	3	23	0.143007864953	0.166486768154	0.450691453185	0.708229426434	0.154747316554	0.57946043981
NKKDTAVN	E172D-I192T	2	370	66	88	34	106	1.72605224964	1.77949873275	4.26243567753	3.41284815813	1.75277549119	3.83764191783
NKKDTAVK	E172D-I192T-N246K	3	249	2	2	7	35	0.114692307692	0.0890149253731	1.44581818182	1.704	0.101853616533	1.57490909091
NKKDITIN	E172D-A196T-V226I	3	728	45	46	17	32	0.603091695684	0.478246626948	1.11560044893	0.535665294925	0.540669161316	0.825632871929
NKKDITIK	E172D-A196T-V226I-N246K	4	656	7	4	18	9	0.11637981501	0.0564528953406	1.30662792307	0.180111618468	0.0864163551753	0.743369770767
NKKDITVN	E172D-A196T	2	548	93	63	57	82	1.63647190696	0.864747301743	4.77330683888	1.7890103218	1.25060960435	3.28115858034
NKKDITVK	E172D-A196T-N246K	3	446	8	14	20	204	0.192436757873	0.248923169388	2.12263575351	5.4269202088	0.22067996363	3.77477798115
NKKDIAIN	E172D-V226I	2	536	35	46	9	13	0.640739149119	0.649239834348	0.841374640257	0.308504034761	0.644989491733	0.574939337509
NKKDIAIK	E172D-V226I-N246K	3	474	3	9	0	16	0.0804858299595	0.156166535742	0.0951196172249	0.42350877193	0.118326182851	0.259314194577
NKKDIAVN	E172D	1	497	111	80	99	67	2.14952116157	1.20652760295	9.07265425338	1.61579651941	1.67802438226	5.34422538639
NKKDIAVK	E172D-N246K	2	287	3	9	12	15	0.132745726496	0.257566334992	2.03945707071	0.657407407407	0.195156030744	1.34843223906
NKRETTIN	K160R-I192T-A196T-V226I	4	305	17	32	0	4	0.56221719457	0.799970734562	0.147653000594	0.193355119826	0.681093964566	0.17050406021
NKRETTIK	K160R-I192T-A196T-V226I-N246K	5	274	2	1	0	5	0.104265734266	0.0539484396201	0.164297520661	0.258181818182	0.0791070869429	0.211239669421
NKRETTVN	K160R-I192T-A196T	3	252	33	32	4	2	1.28443295835	0.967553536665	0.892921307941	0.140316205534	1.12599324751	0.516618756737
NKRETTVK	K160R-I192T-A196T-N246K	4	169	4	0	4	0	0.281108597285	0.0436347673398	1.32887700535	0.0696078431373	0.162371682312	0.699242424242
NKRETAIN	K160R-I192T-V226I	3	215	30	21	5	15	1.37170584046	0.755527915976	1.25505050505	0.876543209877	1.06361687822	1.06579685746
NKRETAIK	K160R-I192T-V226I-N246K	4	238	1	3	0	10	0.0799806887673	0.124149128833	0.189045264359	0.544630404463	0.1020649088	0.366837834411
NKRETAVN	K160R-I192T	2	225	21	24	3	12	0.930394826413	0.820565315018	0.799678197908	0.680678466077	0.875480070715	0.740178331992
NKRETAVK	K160R-I192T-N246K	3	181	1	1	8	15	0.105029585799	0.0815154994259	2.23426573427	1.04029304029	0.0932725426124	1.63727938728
NKREITIN	K160R-A196T-V226I	3	490	41	44	1	11	0.817562274792	0.679849226373	0.184039992594	0.289205702648	0.748705750583	0.236622847621
NKREITIK	K160R-A196T-V226I-N246K	4	401	16	3	1	6	0.404181017987	0.0738100542066	0.224785165084	0.206053067993	0.238995536097	0.215419116539
NKREITVN	K160R-A196T	2	394	34	76	7	183	0.84688412853	1.44602304931	0.915074798619	5.51223628692	1.14645358892	3.21365554277
NKREITVK	K160R-A196T-N246K	3	279	5	10	0	17	0.204807692308	0.291417910448	0.161363636364	0.760714285714	0.248112801378	0.461038961039
NKREIAIN	K160R-V226I	2	374	9	28	0	15	0.254871794872	0.573651741294	0.120484848485	0.504888888889	0.414261768083	0.312686868687
NKREIAIK	K160R-V226I-N246K	3	318	2	7	0	0	0.0898842536774	0.186029102138	0.141635793673	0.0370950888192	0.137956677908	0.0893654412463
NKREIAVN	K160R	1	330	37	57	46	29	1.09725772717	1.29981512378	6.4155451799	1.07250755287	1.19853642547	3.74402636638
NKREIAVK	K160R-N246K	2	199	33	1	3	1	1.62480769231	0.0741791044776	0.903636363636	0.118333333333	0.849493398393	0.510984848485
NKRDTTIN	K160R-E172D-I192T-A196T-V226I	5	322	8	19	3	5	0.266313407954	0.459313340419	0.559527160146	0.219814241486	0.362813374186	0.389670700816
NKRDTTIK	K160R-E172D-I192T-A196T-V226I-N246K	6	292	0	2	0	11	0.0326201102652	0.0759513015129	0.154204157617	0.484641638225	0.054285705889	0.319422897921
NKRDTTVN	K160R-E172D-I192T-A196T	4	302	25	23	5	24	0.820132013201	0.587557263189	0.894689468947	0.976347634763	0.703844638195	0.935518551855
NKRDTTVK	K160R-E172D-I192T-A196T-N246K	5	248	3	2	2	7	0.153537225826	0.0893724150333	0.544359255203	0.380187416332	0.12145482043	0.462273335767
NKRDTAIN	K160R-E172D-I192T-V226I	4	279	8	33	3	7	0.307211538462	0.900746268657	0.645454545455	0.338095238095	0.603978903559	0.491774891775
NKRDTAIK	K160R-E172D-I192T-V226I-N246K	5	246	8	79	30	81	0.348255995017	2.40256208834	5.67059256533	3.92847503374	1.37540904168	4.79953379953
NKRDTAVN	K160R-E172D-I192T	3	210	14	58	2	17	0.679456799125	2.07420244748	0.642395519173	1.00947867299	1.3768296233	0.825937096079
NKRDTAVK	K160R-E172D-I192T-N246K	4	210	4	4	3	7	0.226485599708	0.17577986843	0.856527358897	0.448657187994	0.201132734069	0.652592273445
NKRDITIN	K160R-E172D-A196T-V226I	4	558	37	44	12	14	0.649717902848	0.597148426027	1.05073995772	0.317531305903	0.623433164438	0.68413563181
NKRDITIK	K160R-E172D-A196T-V226I-N246K	5	353	7	6	1	2	0.215993046502	0.146681845012	0.255264509502	0.100282485876	0.181337445757	0.177773497689
NKRDITVN	K160R-E172D-A196T	3	407	32	37	4	17	0.773048642534	0.690883816213	0.553698752228	0.522058823529	0.731966229373	0.537878787879
NKRDITVK	K160R-E172D-A196T-N246K	4	423	6	6	11	24	0.157792089985	0.122465502675	1.27873070326	0.697720125786	0.14012879633	0.988225414523
NKRDIAIN	K160R-E172D-V226I	3	390	54	35	10	76	1.3444324218	0.682978967057	1.27109974425	2.33034953112	1.01370569443	1.80072463768
NKRDIAIK	K160R-E172D-V226I-N246K	4	379	4	5	1	9	0.125759109312	0.117124901807	0.237799043062	0.311403508772	0.121442005559	0.274601275917
NKRDIAVN	K160R-E172D	2	324	97	49	3	19	2.88201183432	1.14121699196	0.556083916084	0.728205128205	2.01161441314	0.642144522145
NKRDIAVK	K160R-E172D-N246K	3	290	1	7	0	15	0.0656886069257	0.20392880956	0.155263980006	0.650630011455	0.134808708243	0.402946995731
INKETTIN	N144I-K145N-I192T-A196T-V226I	5	850	2639	2325	322	563	29.6501853024	20.2750407773	17.1489157141	7.84253819036	24.9626130398	12.4957269522
INKETTIK	N144I-K145N-I192T-A196T-V226I-N246K	6	605	127	124	801	1607	2.01878649403	1.53009703955	59.795079508	31.399339934	1.77444176679	45.597209721
INKETTVN	N144I-K145N-I192T-A196T	4	586	4339	3741	104	488	70.6650504521	47.2875994813	8.0819265913	9.85775127768	58.9763249667	8.96983893449
INKETTVK	N144I-K145N-I192T-A196T-N246K	5	462	259	167	3174	2760	5.36717062635	2.6915960156	309.832122521	70.5655147588	4.02938332098	190.19881864
INKETAIN	N144I-K145N-I192T-V226I	4	593	2852	3316	189	605	45.9058857809	41.422910699	14.4520967248	12.0723905724	43.66439824	13.2622436486
INKETAIK	N144I-K145N-I192T-V226I-N246K	5	572	204	109	1040	1743	3.41941871392	1.42403167409	82.0842455973	36.0162885398	2.42172519401	59.0502670686
INKETAVN	N144I-K145N-I192T	3	438	3675	5484	178	891	80.032065884	92.6816373712	18.422654794	24.0440394837	86.3568516276	21.2333471388
INKETAVK	N144I-K145N-I192T-N246K	4	410	273	282	3036	8556	6.37179487179	5.10770962705	333.861756249	246.369424169	5.73975224942	290.115590209
INKEITIN	N144I-K145N-A196T-V226I	4	1286	4135	2768	555	1400	30.7153188692	15.9597467209	19.5191071555	12.8815073815	23.3375327951	16.2003072685
INKEITIK	N144I-K145N-A196T-V226I-N246K	5	958	179	119	572	1200	1.79393599102	0.928205686894	26.99601858	14.8194299618	1.36107083896	20.9077242709
INKEITVN	N144I-K145N-A196T	3	922	4706	8514	487	3367	48.7411242604	68.4328358209	23.8881118881	43.1794871795	58.5869800406	33.5337995338
INKEITVK	N144I-K145N-A196T-N246K	4	702	215	297	1369	3947	2.93664514717	3.14443430076	88.0499159447	66.4551920341	3.04053972396	77.2525539894
INKEIAIN	N144I-K145N-V226I	3	929	3341	3246	305	884	34.3460297767	25.8988765848	14.8662756598	11.2607526882	30.1224531807	13.063514174
INKEIAIK	N144I-K145N-V226I-N246K	4	740	72	127	49	768	0.941581023565	1.28136644712	3.04870568028	12.2804768331	1.11147373534	7.6645912567
INKEIAVN	N144I-K145N	2	685	5556	6181	306	1566	77.4228806907	66.8477002741	20.219851577	27.0303692906	72.1352904824	23.6251104338
INKEIAVK	N144I-K145N-N246K	3	584	98	206	244	1960	1.6174556213	2.62479908152	18.9222999223	39.666951567	2.12112735141	29.2946257446
INKDTTIN	N144I-K145N-E172D-I192T-A196T-V226I	6	773	1333	1088	115	398	16.4728185251	10.4368274905	6.77143528306	6.10012919897	13.4548230078	6.43578224101
INKDTTIK	N144I-K145N-E172D-I192T-A196T-V226I-N246K	7	739	95	117	555	1050	1.23991683992	1.18285599032	33.9474201474	16.8065315315	1.21138641512	25.3769758395
INKDTTVN	N144I-K145N-E172D-I192T-A196T	5	630	6552	2720	374	808	99.2576191637	31.9875345933	26.8513182539	15.1714210248	65.6225768785	21.0113696393
INKDTTVK	N144I-K145N-E172D-I192T-A196T-N246K	6	453	188	208	1796	2715	3.97886309726	3.41485304754	178.836403684	70.7914831131	3.6968580724	124.813943399
INKDTAIN	N144I-K145N-E172D-I192T-V226I	5	659	2532	3339	260	574	36.6812645688	37.539122569	17.8673553719	10.3093434343	37.1101935689	14.0883494031
INKDTAIK	N144I-K145N-E172D-I192T-V226I-N246K	6	534	187	128	1053	1176	3.35859094177	1.78861765937	89.012404418	26.0333333333	2.57360430057	57.5228688757
INKDTAVN	N144I-K145N-E172D-I192T	4	481	3708	4038	184	975	73.5466406001	62.1596271753	17.3415692192	23.9612724758	67.8531338877	20.6514208475
INKDTAVK	N144I-K145N-E172D-I192T-N246K	5	457	257	443	2514	11265	5.38402754451	7.19116209346	248.105398968	291.079330422	6.28759481899	269.592364695
INKDITIN	N144I-K145N-E172D-A196T-V226I	5	1201	2331	2653	321	1596	18.5428772559	16.3786475278	12.1036151868	15.7219911259	17.4607623918	13.9128031564
INKDITIK	N144I-K145N-E172D-A196T-V226I-N246K	6	1061	121	166	318	1224	1.09796465305	1.16646991034	13.5715630885	13.6495605775	1.13221728169	13.610561833
INKDITVN	N144I-K145N-E172D-A196T	4	995	8329	8574	1731	5331	79.9353181959	63.8640382425	78.5691858342	63.3487282463	71.8996782192	70.9589570403
INKDITVK	N144I-K145N-E172D-A196T-N246K	5	856	265	503	1354	8108	2.96656494031	4.36245841969	71.4368303808	111.967911319	3.66451168	91.7023708497
INKDIAIN	N144I-K145N-E172D-V226I	4	947	2954	2592	223	739	29.7921738072	20.2897065306	10.6758726506	9.23699015471	25.0409401689	9.95643140263
INKDIAIK	N144I-K145N-E172D-V226I-N246K	5	807	139	146	967	682	1.65603579589	1.34954558889	54.1287128713	10.0026815182	1.50279069239	32.0656971947
INKDIAVN	N144I-K145N-E172D	3	771	4997	5188	598	1434	61.877391391	49.859504292	35.0568770608	21.9958981002	55.8684478415	28.5263875805
INKDIAVK	N144I-K145N-E172D-N246K	4	620	153	170	1375	1475	2.37018456584	2.04261302185	100.1130142	28.1256038647	2.20639879384	64.1193090324
INRETTIN	N144I-K145N-K160R-I192T-A196T-V226I	6	565	1197	1726	31	97	20.2298858385	22.6338009599	2.55444908448	2.04888103651	21.4318433992	2.3016650605
INRETTIK	N144I-K145N-K160R-I192T-A196T-V226I-N246K	7	465	42	66	63	322	0.881932981182	1.06652360515	6.20522824815	8.20207439199	0.974228293166	7.20365132007
INRETTVN	N144I-K145N-K160R-I192T-A196T	5	399	3750	908	41	48	89.6272596154	16.8572014925	4.74409090909	1.44958333333	53.242230554	3.09683712121
INRETTVK	N144I-K145N-K160R-I192T-A196T-N246K	6	406	90	125	795	1515	2.13697788698	2.29645384869	88.3654232745	44.076986077	2.21671586784	66.2212046758
INRETAIN	N144I-K145N-K160R-I192T-V226I	5	472	3607	1216	48	100	72.9051878354	19.0858287842	4.68056890256	2.52677942213	45.9955083098	3.60367416234
INRETAIK	N144I-K145N-K160R-I192T-V226I-N246K	6	402	70	61	70	584	1.68386142394	1.14121699196	7.96007218588	17.1774193548	1.41253920795	12.5687457704
INRETAVN	N144I-K145N-K160R-I192T	4	404	2079	2276	21	87	49.0864197531	41.7051409619	2.45432098765	2.57119341564	45.3957803575	2.51275720165
INRETAVK	N144I-K145N-K160R-I192T-N246K	5	247	69	129	222	3533	2.69773573201	3.88842079923	40.6271994135	168.625	3.29307826562	104.626099707
INREITIN	N144I-K145N-K160R-A196T-V226I	5	930	1976	2006	67	184	20.2959803355	15.9911345528	3.3000683527	2.35141424991	18.1435574441	2.82574130131
INREITIK	N144I-K145N-K160R-A196T-V226I-N246K	6	586	46	48	53	273	0.765266675403	0.619212286099	4.15641938981	5.52356615559	0.692239480751	4.8399927727
INREITVN	N144I-K145N-K160R-A196T	4	585	3891	4074	120	213	63.478734576	51.5835922775	9.32935153584	4.32138794084	57.5311634268	6.82536973834
INREITVK	N144I-K145N-K160R-A196T-N246K	5	487	61	93	193	1385	1.21429697352	1.42885979936	17.9616244411	33.6086065574	1.32157838644	25.7851154993
INREIAIN	N144I-K145N-K160R-V226I	4	714	2811	1913	38	106	37.589133943	19.8571756602	2.46446280992	1.77086247086	28.7231548016	2.11766264039
INREIAIK	N144I-K145N-K160R-V226I-N246K	5	563	35	37	74	22	0.610065466448	0.49978829258	6.0082205029	0.48256501182	0.554926879514	3.24539275736
INREIAVN	N144I-K145N-K160R	3	551	2364	2795	29	127	40.9491708473	37.5733290071	2.45553359684	2.74396135266	39.2612499272	2.59974747475
INREIAVK	N144I-K145N-K160R-N246K	4	441	60	48	29	33	1.31904803341	0.822347538326	3.06663924311	0.910256410256	1.07069778587	1.98844782668
INRDTTIN	N144I-K145N-K160R-E172D-I192T-A196T-V226I	7	609	626	351	86	26	9.82405422446	4.28049914363	6.44396423249	0.523770491803	7.05227668405	3.48386736215
INRDTTIK	N144I-K145N-K160R-E172D-I192T-A196T-V226I-N246K	8	500	23	26	113	175	0.457853523722	0.399767628921	10.2808927599	4.15701929474	0.428810576322	7.21895602734
INRDTTVN	N144I-K145N-K160R-E172D-I192T-A196T	6	414	1879	1614	19	59	43.297497683	28.8672900557	2.17743702081	1.71084337349	36.0823938694	1.94414019715
INRDTTVK	N144I-K145N-K160R-E172D-I192T-A196T-N246K	7	346	67	100	185	687	1.87297716693	2.15910361736	24.2184962012	23.4620557157	2.01604039214	23.8402759584
INRDTAIN	N144I-K145N-K160R-E172D-I192T-V226I	6	500	2439	1379	35	52	46.5484415784	20.4325677004	3.24659771366	1.25182967399	33.4905046394	2.24921369382
INRDTAIK	N144I-K145N-K160R-E172D-I192T-V226I-N246K	7	412	61	46	123	643	1.43481095176	0.844168985581	13.5654853621	18.4519774011	1.13948996867	16.0087313816
INRDTAVN	N144I-K145N-K160R-E172D-I192T	5	323	1860	3639	12	167	54.8977326686	83.3370186107	1.81285072952	6.13580246914	69.1173756396	3.97432659933
INRDTAVK	N144I-K145N-K160R-E172D-I192T-N246K	6	392	128	121	547	1098	3.13725778039	2.30276100414	63.0016192459	33.0911789652	2.72000939226	48.0463991056
INRDITIN	N144I-K145N-K160R-E172D-A196T-V226I	6	989	1366	1046	30	110	13.1973387723	7.84500226142	1.41478420569	1.32676767677	10.5211705169	1.37077594123
INRDITIK	N144I-K145N-K160R-E172D-A196T-V226I-N246K	7	665	60	36	92	152	0.875404250404	0.412106135987	6.30917280917	2.71846846847	0.643755193195	4.51382063882
INRDITVN	N144I-K145N-K160R-E172D-A196T	5	749	3759	2858	39	282	47.9158974359	28.2770746269	2.4096969697	4.46511111111	38.0964860314	3.4374040404
INRDITVK	N144I-K145N-K160R-E172D-A196T-N246K	6	511	69	163	281	1305	1.30671574519	2.3760494403	24.8852982955	30.1842447917	1.84138259275	27.5347715436
INRDIAIN	N144I-K145N-K160R-E172D-V226I	5	685	1391	1390	17	73	19.3940345369	15.0412732257	1.18552875696	1.27648202138	17.2176538813	1.23100538917
INRDIAIK	N144I-K145N-K160R-E172D-V226I-N246K	6	594	24	42	13	43	0.401583710407	0.53608428446	1.06310160428	0.875070028011	0.468833997434	0.969085816145
INRDIAVN	N144I-K145N-K160R-E172D	4	531	4312	2669	126	110	77.4855769231	37.2289866457	10.7858851675	2.46898496241	57.3572817844	6.62743506494
INRDIAVK	N144I-K145N-K160R-E172D-N246K	5	470	76	50	99	40	1.56251020741	0.803213233197	9.59274271376	1.03007784855	1.18286172031	5.31141028116
IKKETTIN	N144I-I192T-A196T-V226I	4	571	27	26	5	19	0.467859064013	0.350146122534	0.473935155753	0.413752913753	0.409002593274	0.443844034753
IKKETTIK	N144I-I192T-A196T-V226I-N246K	5	484	4	8	10	9	0.0985329103886	0.137651946453	1.02474226804	0.243986254296	0.118092428421	0.634364261168
IKKETTVN	N144I-I192T-A196T	3	489	63	83	14	39	1.24835164835	1.27164179104	1.38311688312	0.965986394558	1.2599967197	1.17455163884
IKKETTVK	N144I-I192T-A196T-N246K	4	368	14	4	5	42	0.388524077548	0.100513691704	0.734663710273	1.37895212285	0.244518884626	1.05680791656
IKKETAIN	N144I-I192T-V226I	3	528	57	72	25	47	1.0479133343	1.02364359676	2.22065647018	1.07372400756	1.03577846553	1.64719023887
IKKETAIK	N144I-I192T-V226I-N246K	4	420	8	10	9	27	0.204321213229	0.19381713759	1.07320233211	0.787015043547	0.199069175409	0.930108687828
IKKETAVN	N144I-I192T	2	359	28	35	7	37	0.769925213675	0.741791044776	1.00404040404	1.24907407407	0.755858129226	1.12655723906
IKKETAVK	N144I-I192T-N246K	3	326	9	2	7	18	0.292284168431	0.0680542242914	1.10536558243	0.687563710499	0.180169196361	0.896464646465
IKKEITIN	N144I-A196T-V226I	3	882	64	55	24	70	0.703567383918	0.47044505671	1.27921342531	0.951491128728	0.587006220314	1.11535227702
IKKEITIK	N144I-A196T-V226I-N246K	4	672	6	10	3	10	0.0994113612984	0.12124370717	0.26853978117	0.193412580485	0.110327534234	0.230976180828
IKKEITVN	N144I-A196T	2	703	107	114	135	92	1.46623688811	1.21173253053	8.72830578512	1.56321022727	1.33898470932	5.1457580062
IKKEITVK	N144I-A196T-N246K	3	591	3	10	9	39	0.064579002079	0.137832795482	0.763206388206	0.79954954955	0.101205898781	0.781377968878
IKKEIAIN	N144I-V226I	2	787	43	48	11	27	0.533678250683	0.461266005	0.688047992617	0.420473773266	0.497472127842	0.554260882941
IKKEIAIK	N144I-V226I-N246K	3	648	9	3	1	3	0.147267986251	0.0457190166272	0.139235187001	0.0729327170005	0.0964935014391	0.106083952001
IKKEIAVN	N144I	1	561	57	73	9	63	0.986381056666	0.976735539385	0.803946942737	1.34756820878	0.981558298025	1.07575757576
IKKEIAVK	N144I-N246K	2	415	6	2	0	17	0.160826553254	0.0534945464983	0.10861013986	0.512019230769	0.107160549876	0.310314685315
IKKDTTIN	N144I-E172D-I192T-A196T-V226I	5	701	27	34	4	23	0.381218496603	0.369838839988	0.321807821808	0.404558404558	0.375528668296	0.363183113183
IKKDTTIK	N144I-E172D-I192T-A196T-V226I-N246K	6	519	12	3	11	21	0.238942307692	0.0570608495982	1.04265734266	0.500641025641	0.148001578645	0.771649184149
IKKDTTVN	N144I-E172D-I192T-A196T	4	499	38	46	7	44	0.7455	0.69728358209	0.722909090909	1.065	0.721391791045	0.893954545455
IKKDTTVK	N144I-E172D-I192T-A196T-N246K	5	368	7	4	2	10	0.207212841359	0.100513691704	0.367331855137	0.352755194219	0.153863266532	0.360043524678
IKKDTAIN	N144I-E172D-I192T-V226I	4	524	40	63	12	38	0.74641025641	0.904278606965	1.11878787879	0.879047619048	0.825344431688	0.998917748918
IKKDTAIK	N144I-E172D-I192T-V226I-N246K	5	441	1	2	1	10	0.0432474765054	0.050347808469	0.204442616207	0.294494720965	0.0467976424872	0.249468668586
IKKDTAVN	N144I-E172D-I192T	3	461	40	109	12	160	0.848193473193	1.76616915423	1.27134986226	4.12373737374	1.30718131371	2.697543618
IKKDTAVK	N144I-E172D-I192T-N246K	4	324	2	14	3	55	0.088224852071	0.342365097589	0.556083916084	2.03897435897	0.21529497483	1.29752913753
IKKDITIN	N144I-E172D-A196T-V226I	4	1043	42	41	38	32	0.393659740642	0.29842168468	1.68782654127	0.374042145594	0.346040712661	1.03093434343
IKKDITIK	N144I-E172D-A196T-V226I-N246K	5	788	15	10	175	31	0.193818855416	0.103418269867	10.0785804816	0.479932403887	0.148618562642	5.27925644275
IKKDITVN	N144I-E172D-A196T	3	790	57	85	41	72	0.700816882233	0.806498481046	2.39903459372	1.09207753898	0.753657681639	1.74555606635
IKKDITVK	N144I-E172D-A196T-N246K	4	595	6	4	12	33	0.112254775426	0.062230792347	0.985509456986	0.675055928412	0.0872427838865	0.830282692699
IKKDIAIN	N144I-E172D-V226I	3	733	34	48	5	37	0.455748270803	0.495201106186	0.369333663612	0.612624886467	0.475474688494	0.490979275039
IKKDIAIK	N144I-E172D-V226I-N246K	4	698	4	12	1	68	0.068366897766	0.137958277283	0.129275588503	1.16809728183	0.103162587525	0.648686435167
IKKDIAVN	N144I-E172D	2	638	142	84	42	128	2.13888888889	0.986733001658	3.0404040404	2.38888888889	1.56281094527	2.71464646465
IKKDIAVK	N144I-E172D-N246K	3	555	9	6	7	55	0.171900940786	0.0933909588747	0.650098103336	1.19184652278	0.13264594983	0.920972313059
IKRETTIN	N144I-K160R-I192T-A196T-V226I	5	444	33	36	8	28	0.730250648228	0.616770082173	0.913789581205	0.771161048689	0.673510365201	0.842475314947
IKRETTIK	N144I-K160R-I192T-A196T-V226I-N246K	6	396	1	3	1	6	0.0481495834141	0.0747396518666	0.227616212503	0.208648194794	0.0614446176403	0.218132203649
IKRETTVN	N144I-K160R-I192T-A196T	4	350	33	45	2	7	0.925816348893	0.972147807969	0.386169386169	0.269705603039	0.948982078431	0.327937494604
IKRETTVK	N144I-K160R-I192T-A196T-N246K	5	354	2	2	3	6	0.0807692307692	0.0626865671642	0.509090909091	0.233333333333	0.0717278989667	0.371212121212
IKRETAIN	N144I-K160R-I192T-V226I	4	335	29	31	1	44	0.853365384615	0.706467661692	0.268939393939	1.58482142857	0.779916523153	0.926880411255
IKRETAIK	N144I-K160R-I192T-V226I-N246K	5	311	2	0	1	6	0.091900887574	0.0237753539992	0.289627039627	0.265491452991	0.0578381207866	0.277559246309
IKRETAVN	N144I-K160R-I192T	3	301	35	57	0	21	1.13932755986	1.42463180785	0.149608669476	0.862030905077	1.28197968385	0.505819787277
IKRETAVK	N144I-K160R-I192T-N246K	4	269	2	1	1	9	0.106196581197	0.0549474847982	0.33468013468	0.438271604938	0.0805720329974	0.386475869809
IKREITIN	N144I-K160R-A196T-V226I	4	729	39	32	10	10	0.523709167545	0.335330198323	0.680821917808	0.178310502283	0.429519682934	0.429566210046
IKREITIK	N144I-K160R-A196T-V226I-N246K	5	522	2	7	3	4	0.0548242388587	0.113467081419	0.345558838867	0.113129381772	0.0841456601388	0.229344110319
IKREITVN	N144I-K160R-A196T	3	476	35	60	3	35	0.721335268505	0.948621671517	0.378883171336	0.893081761006	0.834978470011	0.635982466171
IKREITVK	N144I-K160R-A196T-N246K	4	412	8	8	0	14	0.208279009126	0.161649380218	0.109399075501	0.429782082324	0.184964194672	0.269590578913
IKREIAIN	N144I-K160R-V226I	3	521	29	33	0	21	0.549292661362	0.483158918053	0.0865552072449	0.498722860792	0.516225789708	0.292639034018
IKREIAIK	N144I-K160R-V226I-N246K	4	485	5	10	0	4	0.11799620133	0.167895092439	0.0929667040778	0.121742112483	0.142945646884	0.10735440828
IKREIAVN	N144I-K160R	2	395	26	62	2	23	0.651660839161	1.18012211669	0.342286501377	0.717171717172	0.915891477925	0.529729109275
IKREIAVK	N144I-K160R-N246K	3	293	1	1	1	4	0.0650183150183	0.0504619758351	0.307359307359	0.201247165533	0.0577401454267	0.254303236446
IKRDTTIN	N144I-K160R-E172D-I192T-A196T-V226I	6	403	10	19	6	7	0.260234196497	0.367223289493	0.782853285329	0.234323432343	0.313728742995	0.508588358836
IKRDTTIK	N144I-K160R-E172D-I192T-A196T-V226I-N246K	7	345	1	5	5	10	0.055246776345	0.128634285221	0.783499737257	0.376204238921	0.0919405307832	0.579851988089
IKRDTTVN	N144I-K160R-E172D-I192T-A196T	5	331	17	12	3	2	0.518188137164	0.290460348858	0.544359255203	0.106927710843	0.404324243011	0.325643483023
IKRDTTVK	N144I-K160R-E172D-I192T-A196T-N246K	6	326	1	3	7	12	0.0584568336862	0.0907389657218	1.10536558243	0.470438328236	0.074597899704	0.787901955333
IKRDTAIN	N144I-K160R-E172D-I192T-V226I	5	433	14	29	0	3	0.330334987593	0.512758786712	0.104105571848	0.109062980031	0.421546887152	0.106584275939
IKRDTAIK	N144I-K160R-E172D-I192T-V226I-N246K	6	385	2	2	10	16	0.0742825827023	0.0576521537391	1.28756476684	0.52115716753	0.0659673682207	0.904360967185
IKRDTAVN	N144I-K160R-E172D-I192T	4	322	31	35	13	6	0.946892117171	0.826764012754	1.95834506051	0.2564499484	0.886828064962	1.10739750446
IKRDTAVK	N144I-K160R-E172D-I192T-N246K	5	324	11	5	3	7	0.352899408284	0.136946039036	0.556083916084	0.291282051282	0.24492272366	0.423682983683
IKRDITIN	N144I-K160R-E172D-A196T-V226I	5	704	26	59	9	20	0.366039279869	0.631311527469	0.640876853643	0.352482269504	0.498675403669	0.496679561573
IKRDITIK	N144I-K160R-E172D-A196T-V226I-N246K	6	573	11	2	4	1	0.199812382739	0.0387695668001	0.393569844789	0.041231126597	0.11929097477	0.217400485693
IKRDITVN	N144I-K160R-E172D-A196T	4	618	96	53	15	28	1.49773207406	0.64711981289	1.16786605963	0.554388799138	1.07242594348	0.861127429383
IKRDITVK	N144I-K160R-E172D-A196T-N246K	5	466	3	9	0	7	0.0818646022072	0.158841765477	0.0967490753358	0.202712348323	0.120353183842	0.149730711829
IKRDIAIN	N144I-K160R-E172D-V226I	4	565	45	39	9	24	0.776773579777	0.524233953905	0.798265338901	0.522673733804	0.650503766841	0.660469536353
IKRDIAIK	N144I-K160R-E172D-V226I-N246K	5	534	3	4	1	9	0.0714593817398	0.0693262658669	0.168903993203	0.221183800623	0.0703928238033	0.195043896913
IKRDIAVN	N144I-K160R-E172D	3	412	125	86	15	55	2.91590612777	1.56261067544	1.75038520801	1.60451977401	2.2392584016	1.67745249101
IKRDIAVK	N144I-K160R-E172D-N246K	4	338	4	5	0	13	0.140968913093	0.131290450403	0.133279699651	0.488692232055	0.136129681748	0.310985965853
